id,name,address,created_at
1,Company 1,Address 1,2021-01-07 14:17:39
2,Company 2,Address 2,2021-01-10 05:38:42
3,Company 3,Address 3,2021-01-05 20:20:25
4,Company 4,Address 4,2021-01-07 08:12:20
5,Company 5,Address 5,2021-01-05 11:02:31
6,Company 6,Address 6,2021-01-02 17:56:28
7,Company 7,Address 7,2021-01-09 22:12:27
8,Company 8,Address 8,2021-01-10 17:22:05
9,Company 9,Address 9,2021-01-08 21:37:48
10,Company 10,Address 10,2021-01-06 04:35:32
11,Company 11,Address 11,2021-01-07 18:22:40
12,Company 12,Address 12,2021-01-09 01:59:45
13,Company 13,Address 13,2021-01-01 19:46:28
14,Company 14,Address 14,2021-01-06 05:07:25
15,Company 15,Address 15,2021-01-07 10:37:12
16,Company 16,Address 16,2021-01-02 03:11:11
17,Company 17,Address 17,2021-01-10 04:01:07
18,Company 18,Address 18,2021-01-02 23:49:02
19,Company 19,Address 19,2021-01-03 13:34:53
20,Company 20,Address 20,2021-01-10 17:32:45
21,Company 21,Address 21,2021-01-04 17:40:03
22,Company 22,Address 22,2021-01-05 05:20:27
23,Company 23,Address 23,2021-01-05 13:36:50
24,Company 24,Address 24,2021-01-06 05:36:05
25,Company 25,Address 25,2021-01-03 13:33:09
26,Company 26,Address 26,2021-01-01 17:23:29
27,Company 27,Address 27,2021-01-06 16:04:16
28,Company 28,Address 28,2021-01-10 00:17:51
29,Company 29,Address 29,2021-01-09 12:40:31
30,Company 30,Address 30,2021-01-03 22:29:00
31,Company 31,Address 31,2021-01-06 21:22:36
32,Company 32,Address 32,2021-01-06 00:43:37
33,Company 33,Address 33,2021-01-08 08:30:29
34,Company 34,Address 34,2021-01-02 23:41:18
35,Company 35,Address 35,2021-01-08 11:41:41
36,Company 36,Address 36,2021-01-06 08:16:16
37,Company 37,Address 37,2021-01-03 07:43:57
38,Company 38,Address 38,2021-01-03 20:00:43
39,Company 39,Address 39,2021-01-08 06:43:17
40,Company 40,Address 40,2021-01-05 23:42:28
41,Company 41,Address 41,2021-01-02 03:27:20
42,Company 42,Address 42,2021-01-07 15:39:32
43,Company 43,Address 43,2021-01-06 11:12:26
44,Company 44,Address 44,2021-01-09 10:52:29
45,Company 45,Address 45,2021-01-06 10:48:25
46,Company 46,Address 46,2021-01-07 19:55:52
47,Company 47,Address 47,2021-01-01 18:06:45
48,Company 48,Address 48,2021-01-03 15:07:34
49,Company 49,Address 49,2021-01-08 02:43:15
