full_name,email,state,created_at
lizzie effertz,torp.trisha@fakemail.com,Arizona,2021-01-01 12:51:00
orlando abbott,dayton.hermiston@fakemail.com,IN,2021-01-02 12:51:00
kelley     harann,borer.blake@fakemail.com,WV,2021-01-04 12:51:00
ruth   langworth,garett66@fakemail.com,MN,2021-01-05 12:51:00
lane swift,nienow.coralie@fakemail.com,IN,2021-01-07 12:51:00
bertha corwin,tstroman@fakemail.com,WV,2021-01-10 12:51:00
manuela   kling,shawn.langworth@fakemail.com,MN,2021-01-20 12:51:00
mose balistreri,dorris70@fakemail.com,NY,2021-01-15 12:51:00
robin    halvorson,murazik.americo@fakemail.com,IN,2021-01-16 12:51:00
osbaldo parker i,friesen.angeline@fakemail.com,WV,2021-01-20 12:51:00
javier runolfsson,benjamin.bailey@fakemail.net,Minnesota,2021-01-07 12:51:00
amelia batz,garrison60@fakemail.com,IN,2021-01-31 12:51:00
abby  pouros,dominique.leannon@fakemail.com,WV,2021-01-12 12:51:00
markus homenick,piper73@fakemail.com,New York,2021-01-27 12:51:00
braeden turner,kozey.jace@fakemail.com,IN,2021-01-29 12:51:00
horacio   parker,vtillman@fakemail.info,WV,2021-01-01 12:51:00
ms. stacy       padberg,erdman.elaina@fakemail.com,MN,2021-01-14 12:51:00
dr.     deshawn stracke,rosendo.beer@fakemail.com,IN,2021-01-09 12:51:00
pascale grady,princess60@fakemail.com,WV,2021-01-31 12:51:00
lacy     brekke,romaguera.darrell@fakemail.com,AZ,2021-01-22 12:51:00